{"stats":{"minecraft:crafted":{"minecraft:oak_planks":48,"minecraft:cooked_porkchop":13,"minecraft:crafting_table":2,"minecraft:wooden_pickaxe":2,"minecraft:iron_sword":1,"minecraft:furnace":5,"minecraft:stone_axe":2,"minecraft:cooked_mutton":4,"minecraft:air":0,"minecraft:shield":1,"minecraft:stick":40,"minecraft:iron_ingot":3,"minecraft:iron_pickaxe":1,"minecraft:stone_pickaxe":3,"minecraft:stone_sword":1,"minecraft:white_bed":1,"minecraft:torch":56},"minecraft:custom":{"minecraft:interact_with_furnace":17,"minecraft:mob_kills":38,"minecraft:interact_with_crafting_table":16,"minecraft:leave_game":4,"minecraft:time_since_death":23134,"minecraft:sleep_in_bed":2,"minecraft:time_since_rest":37724,"minecraft:sprint_one_cm":206074,"minecraft:damage_taken":1195,"minecraft:walk_one_cm":139080,"minecraft:damage_blocked_by_shield":315,"minecraft:damage_dealt":4907,"minecraft:swim_one_cm":28666,"minecraft:fly_one_cm":664579,"minecraft:crouch_one_cm":30756,"minecraft:play_time":174078,"minecraft:sneak_time":14990,"minecraft:deaths":2,"minecraft:walk_under_water_one_cm":16302,"minecraft:jump":1712,"minecraft:walk_on_water_one_cm":8301,"minecraft:total_world_time":174078,"minecraft:fall_one_cm":23779},"minecraft:picked_up":{"minecraft:crafting_table":10,"minecraft:flint":1,"minecraft:oak_log":100,"minecraft:gunpowder":2,"minecraft:dirt":15,"minecraft:string":4,"minecraft:cooked_mutton":5,"minecraft:cobbled_deepslate":10,"minecraft:iron_ingot":16,"minecraft:furnace":6,"minecraft:raw_iron":23,"minecraft:sweet_berries":17,"minecraft:torch":1,"minecraft:gravel":1,"minecraft:sand":10,"minecraft:porkchop":13,"minecraft:spruce_sapling":1,"minecraft:white_bed":2,"minecraft:arrow":2,"minecraft:rotten_flesh":10,"minecraft:slime_ball":2,"minecraft:diamond":6,"minecraft:black_wool":1,"minecraft:mutton":15,"minecraft:coal":116,"minecraft:white_wool":9,"minecraft:cobblestone":129},"minecraft:mined":{"minecraft:white_bed":2,"minecraft:deepslate_diamond_ore":6,"minecraft:crafting_table":10,"minecraft:grass_block":4,"minecraft:spruce_leaves":2,"minecraft:furnace":6,"minecraft:sweet_berry_bush":2,"minecraft:iron_ore":18,"minecraft:grass":4,"minecraft:coal_ore":116,"minecraft:oak_log":100,"minecraft:deepslate_iron_ore":3,"minecraft:gravel":1,"minecraft:sand":10,"minecraft:dirt":11,"minecraft:stone":130,"minecraft:oak_leaves":4,"minecraft:deepslate":10},"minecraft:killed_by":{"minecraft:spider":1},"minecraft:broken":{"minecraft:stone_pickaxe":1},"minecraft:used":{"minecraft:turtle_spawn_egg":5,"minecraft:cooked_mutton":9,"minecraft:netherite_sword":15,"minecraft:stone_sword":5,"minecraft:stone_pickaxe":254,"minecraft:wooden_pickaxe":27,"minecraft:shield":12,"minecraft:iron_sword":45,"minecraft:sniffer_egg":34,"minecraft:sheep_spawn_egg":1,"minecraft:rotten_flesh":2,"minecraft:oak_leaves":4,"minecraft:torch":52,"minecraft:dirt":4,"minecraft:sand":10,"minecraft:crafting_table":10,"minecraft:white_bed":2,"minecraft:oak_log":8,"minecraft:black_wool":1,"minecraft:iron_pickaxe":17,"minecraft:gravel":1,"minecraft:stone_axe":120,"minecraft:sweet_berries":6,"minecraft:wolf_spawn_egg":2,"minecraft:furnace":6,"minecraft:cooked_porkchop":1,"minecraft:cobbled_deepslate":10},"minecraft:killed":{"minecraft:pig":7,"minecraft:spider":2,"minecraft:slime":4,"minecraft:creeper":2,"minecraft:sheep":9,"minecraft:skeleton":2,"minecraft:zombie":11,"minecraft:drowned":1}},"DataVersion":3463}