{"stats":{"minecraft:crafted":{"minecraft:oak_planks":32,"minecraft:cooked_porkchop":6,"minecraft:crafting_table":1,"minecraft:wooden_pickaxe":1,"minecraft:iron_sword":1,"minecraft:furnace":3,"minecraft:stone_axe":1,"minecraft:cooked_mutton":3,"minecraft:air":0,"minecraft:shield":1,"minecraft:stick":32,"minecraft:iron_ingot":3,"minecraft:iron_pickaxe":1,"minecraft:stone_pickaxe":2,"minecraft:stone_sword":1,"minecraft:white_bed":1,"minecraft:torch":56},"minecraft:custom":{"minecraft:interact_with_furnace":15,"minecraft:mob_kills":29,"minecraft:interact_with_crafting_table":10,"minecraft:leave_game":4,"minecraft:time_since_death":0,"minecraft:sleep_in_bed":2,"minecraft:time_since_rest":13724,"minecraft:sprint_one_cm":167589,"minecraft:damage_taken":1135,"minecraft:walk_one_cm":111278,"minecraft:damage_blocked_by_shield":315,"minecraft:damage_dealt":4027,"minecraft:swim_one_cm":23255,"minecraft:fly_one_cm":593438,"minecraft:crouch_one_cm":21072,"minecraft:play_time":150078,"minecraft:sneak_time":11321,"minecraft:deaths":2,"minecraft:walk_under_water_one_cm":15976,"minecraft:jump":1417,"minecraft:walk_on_water_one_cm":7307,"minecraft:total_world_time":150078,"minecraft:fall_one_cm":15843},"minecraft:picked_up":{"minecraft:crafting_table":7,"minecraft:flint":1,"minecraft:oak_log":45,"minecraft:gunpowder":2,"minecraft:dirt":12,"minecraft:string":2,"minecraft:cooked_mutton":5,"minecraft:cobbled_deepslate":10,"minecraft:iron_ingot":16,"minecraft:furnace":4,"minecraft:raw_iron":23,"minecraft:torch":1,"minecraft:gravel":1,"minecraft:sand":7,"minecraft:porkchop":6,"minecraft:white_bed":2,"minecraft:arrow":2,"minecraft:rotten_flesh":10,"minecraft:slime_ball":2,"minecraft:diamond":6,"minecraft:black_wool":1,"minecraft:mutton":10,"minecraft:coal":80,"minecraft:white_wool":5,"minecraft:cobblestone":86},"minecraft:mined":{"minecraft:white_bed":2,"minecraft:deepslate_diamond_ore":6,"minecraft:crafting_table":7,"minecraft:grass_block":3,"minecraft:furnace":4,"minecraft:iron_ore":18,"minecraft:grass":2,"minecraft:coal_ore":80,"minecraft:oak_log":45,"minecraft:deepslate_iron_ore":3,"minecraft:gravel":1,"minecraft:sand":7,"minecraft:dirt":9,"minecraft:stone":87,"minecraft:deepslate":10},"minecraft:killed_by":{"minecraft:spider":1},"minecraft:broken":{"minecraft:stone_pickaxe":1},"minecraft:used":{"minecraft:turtle_spawn_egg":5,"minecraft:cooked_mutton":8,"minecraft:netherite_sword":15,"minecraft:stone_sword":5,"minecraft:stone_pickaxe":184,"minecraft:wooden_pickaxe":16,"minecraft:shield":12,"minecraft:iron_sword":45,"minecraft:sniffer_egg":34,"minecraft:sheep_spawn_egg":1,"minecraft:rotten_flesh":2,"minecraft:oak_leaves":4,"minecraft:torch":52,"minecraft:dirt":1,"minecraft:sand":7,"minecraft:crafting_table":7,"minecraft:white_bed":2,"minecraft:oak_log":7,"minecraft:black_wool":1,"minecraft:iron_pickaxe":17,"minecraft:gravel":1,"minecraft:stone_axe":59,"minecraft:wolf_spawn_egg":2,"minecraft:furnace":4,"minecraft:cooked_porkchop":1,"minecraft:cobbled_deepslate":10},"minecraft:killed":{"minecraft:pig":3,"minecraft:spider":1,"minecraft:slime":4,"minecraft:creeper":2,"minecraft:sheep":5,"minecraft:skeleton":2,"minecraft:zombie":11,"minecraft:drowned":1}},"DataVersion":3463}