{"stats":{"minecraft:crafted":{"minecraft:oak_planks":64,"minecraft:cooked_porkchop":13,"minecraft:crafting_table":2,"minecraft:wooden_pickaxe":2,"minecraft:iron_sword":1,"minecraft:furnace":5,"minecraft:bucket":1,"minecraft:stone_axe":3,"minecraft:cooked_mutton":4,"minecraft:air":0,"minecraft:oak_boat":1,"minecraft:shield":2,"minecraft:stick":48,"minecraft:iron_ingot":3,"minecraft:iron_pickaxe":1,"minecraft:stone_pickaxe":3,"minecraft:stone_sword":1,"minecraft:white_bed":2,"minecraft:torch":56},"minecraft:custom":{"minecraft:interact_with_furnace":17,"minecraft:mob_kills":52,"minecraft:interact_with_crafting_table":20,"minecraft:leave_game":6,"minecraft:time_since_death":45303,"minecraft:sleep_in_bed":4,"minecraft:climb_one_cm":331,"minecraft:time_since_rest":6163,"minecraft:sprint_one_cm":278627,"minecraft:damage_taken":1358,"minecraft:walk_one_cm":169251,"minecraft:damage_blocked_by_shield":315,"minecraft:damage_dealt":6814,"minecraft:talked_to_villager":4,"minecraft:swim_one_cm":54163,"minecraft:fly_one_cm":776471,"minecraft:open_chest":9,"minecraft:crouch_one_cm":34591,"minecraft:play_time":196247,"minecraft:sneak_time":16965,"minecraft:deaths":2,"minecraft:walk_under_water_one_cm":24523,"minecraft:boat_one_cm":38925,"minecraft:jump":2168,"minecraft:walk_on_water_one_cm":18153,"minecraft:total_world_time":196247,"minecraft:fall_one_cm":29482},"minecraft:picked_up":{"minecraft:crafting_table":13,"minecraft:salmon":5,"minecraft:leather":4,"minecraft:flint":1,"minecraft:oak_log":100,"minecraft:gunpowder":2,"minecraft:dirt":18,"minecraft:string":4,"minecraft:cooked_mutton":5,"minecraft:wheat_seeds":1,"minecraft:cobbled_deepslate":10,"minecraft:beef":4,"minecraft:iron_ingot":20,"minecraft:oak_boat":2,"minecraft:poppy":1,"minecraft:oak_planks":3,"minecraft:furnace":6,"minecraft:raw_iron":23,"minecraft:sweet_berries":45,"minecraft:torch":1,"minecraft:gravel":1,"minecraft:porkchop":18,"minecraft:sand":52,"minecraft:spruce_sapling":1,"minecraft:white_bed":3,"minecraft:arrow":2,"minecraft:rotten_flesh":10,"minecraft:slime_ball":2,"minecraft:diamond":6,"minecraft:gray_wool":1,"minecraft:black_wool":1,"minecraft:mutton":17,"minecraft:coal":116,"minecraft:white_wool":10,"minecraft:cobblestone":132},"minecraft:mined":{"minecraft:white_bed":3,"minecraft:deepslate_diamond_ore":6,"minecraft:crafting_table":13,"minecraft:grass_block":5,"minecraft:tall_grass":1,"minecraft:spruce_leaves":2,"minecraft:oak_planks":4,"minecraft:large_fern":1,"minecraft:furnace":6,"minecraft:iron_ore":18,"minecraft:sweet_berry_bush":5,"minecraft:grass":8,"minecraft:coal_ore":116,"minecraft:oak_log":100,"minecraft:deepslate_iron_ore":3,"minecraft:gravel":1,"minecraft:sand":54,"minecraft:dirt":13,"minecraft:stone":133,"minecraft:oak_leaves":4,"minecraft:deepslate":10},"minecraft:killed_by":{"minecraft:spider":1},"minecraft:broken":{"minecraft:stone_pickaxe":1,"minecraft:stone_axe":1},"minecraft:used":{"minecraft:turtle_spawn_egg":5,"minecraft:cooked_mutton":9,"minecraft:netherite_sword":15,"minecraft:stone_sword":5,"minecraft:stone_pickaxe":262,"minecraft:oak_planks":4,"minecraft:shield":12,"minecraft:wooden_pickaxe":27,"minecraft:iron_sword":45,"minecraft:sniffer_egg":34,"minecraft:sheep_spawn_egg":1,"minecraft:rotten_flesh":2,"minecraft:oak_leaves":4,"minecraft:salmon":5,"minecraft:torch":52,"minecraft:dirt":7,"minecraft:sand":10,"minecraft:crafting_table":13,"minecraft:white_bed":3,"minecraft:oak_log":8,"minecraft:black_wool":1,"minecraft:iron_pickaxe":17,"minecraft:gravel":1,"minecraft:stone_axe":167,"minecraft:sweet_berries":33,"minecraft:wolf_spawn_egg":2,"minecraft:furnace":6,"minecraft:cooked_porkchop":1,"minecraft:bucket":1,"minecraft:oak_boat":2,"minecraft:cobbled_deepslate":10},"minecraft:killed":{"minecraft:pig":11,"minecraft:salmon":5,"minecraft:spider":2,"minecraft:iron_golem":1,"minecraft:slime":4,"minecraft:creeper":2,"minecraft:sheep":11,"minecraft:skeleton":2,"minecraft:zombie":11,"minecraft:drowned":1,"minecraft:cow":2}},"DataVersion":3463}