{"stats":{"minecraft:crafted":{"minecraft:oak_planks":24,"minecraft:shield":1,"minecraft:crafting_table":1,"minecraft:stick":16,"minecraft:iron_sword":1,"minecraft:wooden_pickaxe":1,"minecraft:stone_pickaxe":2,"minecraft:stone_sword":1,"minecraft:white_bed":1,"minecraft:furnace":1,"minecraft:torch":20,"minecraft:stone_axe":1,"minecraft:cooked_mutton":3},"minecraft:picked_up":{"minecraft:raw_iron":8,"minecraft:crafting_table":6,"minecraft:porkchop":6,"minecraft:sand":7,"minecraft:oak_log":45,"minecraft:white_bed":1,"minecraft:string":2,"minecraft:dirt":12,"minecraft:slime_ball":2,"minecraft:cooked_mutton":5,"minecraft:rotten_flesh":6,"minecraft:iron_ingot":3,"minecraft:black_wool":1,"minecraft:mutton":10,"minecraft:coal":55,"minecraft:white_wool":5,"minecraft:cobblestone":83,"minecraft:furnace":2},"minecraft:custom":{"minecraft:time_since_rest":8718,"minecraft:interact_with_furnace":4,"minecraft:sprint_one_cm":133663,"minecraft:damage_taken":130,"minecraft:walk_one_cm":74806,"minecraft:damage_blocked_by_shield":25,"minecraft:mob_kills":21,"minecraft:damage_dealt":2197,"minecraft:swim_one_cm":22733,"minecraft:interact_with_crafting_table":8,"minecraft:fly_one_cm":549797,"minecraft:crouch_one_cm":15532,"minecraft:play_time":103653,"minecraft:walk_under_water_one_cm":14428,"minecraft:sneak_time":8732,"minecraft:jump":1119,"minecraft:leave_game":3,"minecraft:time_since_death":103653,"minecraft:walk_on_water_one_cm":4740,"minecraft:sleep_in_bed":1,"minecraft:total_world_time":103653,"minecraft:fall_one_cm":7830},"minecraft:mined":{"minecraft:white_bed":1,"minecraft:furnace":2,"minecraft:iron_ore":8,"minecraft:crafting_table":6,"minecraft:grass_block":3,"minecraft:grass":2,"minecraft:coal_ore":55,"minecraft:oak_log":45,"minecraft:dirt":9,"minecraft:sand":7,"minecraft:stone":84},"minecraft:broken":{"minecraft:stone_pickaxe":1},"minecraft:used":{"minecraft:turtle_spawn_egg":5,"minecraft:oak_log":7,"minecraft:cooked_mutton":2,"minecraft:netherite_sword":15,"minecraft:stone_sword":5,"minecraft:black_wool":1,"minecraft:stone_pickaxe":142,"minecraft:shield":1,"minecraft:wooden_pickaxe":16,"minecraft:iron_sword":8,"minecraft:sniffer_egg":34,"minecraft:sheep_spawn_egg":1,"minecraft:oak_leaves":4,"minecraft:stone_axe":58,"minecraft:torch":11,"minecraft:dirt":1,"minecraft:sand":7,"minecraft:crafting_table":6,"minecraft:wolf_spawn_egg":2,"minecraft:furnace":2,"minecraft:white_bed":1},"minecraft:killed":{"minecraft:sheep":5,"minecraft:zombie":6,"minecraft:pig":3,"minecraft:spider":1,"minecraft:drowned":1,"minecraft:slime":4,"minecraft:creeper":1}},"DataVersion":3463}