{"stats":{"minecraft:mined":{"minecraft:white_bed":2,"minecraft:crafting_table":6,"minecraft:grass_block":3,"minecraft:furnace":2,"minecraft:iron_ore":18,"minecraft:grass":2,"minecraft:oak_log":45,"minecraft:coal_ore":80,"minecraft:deepslate_iron_ore":3,"minecraft:sand":7,"minecraft:dirt":9,"minecraft:stone":87,"minecraft:deepslate":1},"minecraft:broken":{"minecraft:stone_pickaxe":1},"minecraft:picked_up":{"minecraft:crafting_table":6,"minecraft:oak_log":45,"minecraft:dirt":12,"minecraft:string":2,"minecraft:cooked_mutton":5,"minecraft:cobbled_deepslate":1,"minecraft:iron_ingot":3,"minecraft:furnace":2,"minecraft:raw_iron":21,"minecraft:porkchop":6,"minecraft:sand":7,"minecraft:white_bed":2,"minecraft:arrow":2,"minecraft:rotten_flesh":8,"minecraft:slime_ball":2,"minecraft:black_wool":1,"minecraft:mutton":10,"minecraft:coal":80,"minecraft:white_wool":5,"minecraft:cobblestone":86},"minecraft:custom":{"minecraft:interact_with_furnace":4,"minecraft:mob_kills":25,"minecraft:interact_with_crafting_table":8,"minecraft:time_since_death":109653,"minecraft:leave_game":3,"minecraft:sleep_in_bed":2,"minecraft:time_since_rest":5602,"minecraft:sprint_one_cm":145923,"minecraft:damage_taken":465,"minecraft:walk_one_cm":84286,"minecraft:damage_blocked_by_shield":190,"minecraft:damage_dealt":2957,"minecraft:swim_one_cm":22733,"minecraft:fly_one_cm":558925,"minecraft:crouch_one_cm":18558,"minecraft:play_time":109653,"minecraft:sneak_time":10189,"minecraft:walk_under_water_one_cm":15647,"minecraft:jump":1186,"minecraft:walk_on_water_one_cm":6112,"minecraft:total_world_time":109653,"minecraft:fall_one_cm":11274},"minecraft:killed":{"minecraft:pig":3,"minecraft:spider":1,"minecraft:slime":4,"minecraft:creeper":1,"minecraft:sheep":5,"minecraft:skeleton":2,"minecraft:zombie":8,"minecraft:drowned":1},"minecraft:used":{"minecraft:turtle_spawn_egg":5,"minecraft:cooked_mutton":6,"minecraft:netherite_sword":15,"minecraft:stone_sword":5,"minecraft:stone_pickaxe":184,"minecraft:wooden_pickaxe":16,"minecraft:shield":7,"minecraft:iron_sword":23,"minecraft:sniffer_egg":34,"minecraft:sheep_spawn_egg":1,"minecraft:oak_leaves":4,"minecraft:torch":27,"minecraft:dirt":1,"minecraft:sand":7,"minecraft:crafting_table":6,"minecraft:white_bed":2,"minecraft:oak_log":7,"minecraft:black_wool":1,"minecraft:stone_axe":58,"minecraft:wolf_spawn_egg":2,"minecraft:furnace":2},"minecraft:crafted":{"minecraft:oak_planks":32,"minecraft:crafting_table":1,"minecraft:wooden_pickaxe":1,"minecraft:iron_sword":1,"minecraft:furnace":1,"minecraft:stone_axe":1,"minecraft:cooked_mutton":3,"minecraft:shield":1,"minecraft:stick":32,"minecraft:stone_pickaxe":2,"minecraft:stone_sword":1,"minecraft:white_bed":1,"minecraft:torch":56}},"DataVersion":3463}