{"stats":{"minecraft:crafted":{"minecraft:oak_planks":12,"minecraft:crafting_table":1,"minecraft:stick":8,"minecraft:wooden_pickaxe":1,"minecraft:stone_pickaxe":1,"minecraft:stone_axe":1},"minecraft:picked_up":{"minecraft:crafting_table":1,"minecraft:sand":7,"minecraft:oak_log":39,"minecraft:rotten_flesh":2,"minecraft:black_wool":1,"minecraft:mutton":9,"minecraft:white_wool":4,"minecraft:cobblestone":16},"minecraft:custom":{"minecraft:time_since_rest":87302,"minecraft:sprint_one_cm":91932,"minecraft:walk_one_cm":54459,"minecraft:mob_kills":9,"minecraft:damage_dealt":1247,"minecraft:swim_one_cm":10263,"minecraft:interact_with_crafting_table":2,"minecraft:fly_one_cm":490515,"minecraft:crouch_one_cm":8963,"minecraft:play_time":87302,"minecraft:walk_under_water_one_cm":10969,"minecraft:sneak_time":4697,"minecraft:jump":844,"minecraft:leave_game":2,"minecraft:time_since_death":87302,"minecraft:walk_on_water_one_cm":1841,"minecraft:total_world_time":87302,"minecraft:fall_one_cm":1734},"minecraft:mined":{"minecraft:crafting_table":1,"minecraft:grass":2,"minecraft:oak_log":39,"minecraft:sand":7,"minecraft:stone":16},"minecraft:used":{"minecraft:turtle_spawn_egg":5,"minecraft:oak_log":7,"minecraft:netherite_sword":15,"minecraft:wooden_pickaxe":16,"minecraft:sniffer_egg":34,"minecraft:sheep_spawn_egg":1,"minecraft:oak_leaves":4,"minecraft:stone_axe":41,"minecraft:dirt":1,"minecraft:sand":7,"minecraft:crafting_table":1,"minecraft:wolf_spawn_egg":2},"minecraft:killed":{"minecraft:sheep":4,"minecraft:zombie":3,"minecraft:drowned":1,"minecraft:creeper":1}},"DataVersion":3463}